Participant,Paid,Date
ha9e5zzqnm,True,2024-08-28 15:17:40.283228
7pq0qvh3km,True,2024-08-29 11:53:00.539499
90wnq6gw1k,True,2024-08-29 11:53:35.990821
eckdxvh0cy,True,2024-09-03 15:39:15.009746
0y7fw91qqg,False,2024-09-03 15:39:28.020729
6wkohjh2e2,True,2024-10-15 13:09:00.938630
bvsws3ow1f,False,2024-10-18 13:44:02.408152
p903xhf6hz,False,2024-10-18 13:54:12.772907
mwzzdc2zpd,False,2024-10-18 13:56:43.432594
hlrgaznbdz,False,2024-10-18 13:57:26.504371
cr5v37ngbs,False,2024-10-18 13:57:59.353339
vm763tep59,True,2024-10-18 13:58:34.399891
xzsurfep20,True,2024-10-18 13:59:05.568360
a5417a1q8g,False,2024-10-18 13:59:40.566182
ru7e6fbu0f,False,2024-10-18 14:00:58.525274
vwjr9lbhsg,False,2024-10-18 14:01:26.077174
netrckgc1m,False,2024-10-18 14:01:44.415365
be75vudxl3,True,2024-10-18 14:02:27.717502
nend6jh2n5,True,2024-10-18 14:02:58.120353
gwgy8wm7q5,True,2024-10-18 14:03:10.889383
e733ctbexx,True,2024-10-18 14:03:58.140455
495kgzyp6r,True,2024-10-18 14:04:46.388615
ypwefj01an,True,2024-10-18 14:06:00.610165
bb0uxgogdk,True,2024-10-18 14:06:19.309657
ulylzt8rxx,True,2024-10-18 14:06:48.265628
mgp2y8ntsg,True,2024-10-18 14:07:11.888244
dv6x9ht3mx,True,2024-10-18 14:07:20.413626
5ncphhc9wv,True,2024-10-18 14:07:31.926610
3zk9vmyrjd,False,2024-10-18 14:07:51.278275
rd1o2d2cdp,False,2024-10-18 14:15:15.401484
zrd0r96yx3,False,2024-10-18 14:15:57.522721
s0797y3xjm,False,2024-10-18 14:16:59.139592
xsxe2wym3c,True,2024-10-18 14:17:21.241156
9yhs2fz9f6,True,2024-10-18 14:17:59.802538
vh5ysyyqwm,True,2024-10-18 14:18:23.878879
r66b9j4yeh,True,2024-10-18 14:18:42.762629
ef6au945fo,False,2024-10-18 14:24:07.619217
s9r9c4snpv,False,2024-10-18 14:24:58.864967
r8bmgtbx6q,False,2024-10-18 14:25:45.177658
tdykj3o5rw,False,2024-10-18 14:26:18.491041
plumrr7qdp,True,2024-10-18 14:27:33.346899
twn6nu4llp,True,2024-10-18 14:27:48.528925
jeoc1scpee,True,2024-10-18 14:28:07.101609
06rgo3ca9z,False,2024-10-18 14:29:42.712852
3ctowa193q,False,2024-10-18 14:30:19.838145
1b3zptfq3a,True,2024-10-18 14:31:02.300752
wrll8bfqyg,True,2024-10-18 14:31:18.214895
nglmrgwzby,True,2024-10-18 14:31:43.647472
megx0ue1lc,True,2024-10-18 14:32:05.164992
lslye83c56,True,2024-10-18 14:32:29.790524
24jfnvqpwg,True,2024-10-18 14:32:47.115871
qfc83wzh8t,True,2024-10-18 14:33:06.958430
x91uw28zjq,True,2024-10-18 14:33:24.389107
4rg4s7pygq,False,2024-10-18 14:34:02.333701
wt61jj0hqz,True,2024-10-18 14:34:40.818741
m2dwl2t9fk,True,2024-10-18 14:34:55.833957
pk4kdgqw8o,True,2024-10-18 14:35:10.155462
oh0klntz4d,True,2024-10-18 14:35:24.920157
f5cyehlgyv,True,2024-10-18 14:35:53.856450
q5y3d5e1g0,True,2024-10-18 14:36:15.226992
451kzque9h,False,2024-10-18 14:37:15.105799
r3tr6q8qyl,True,2024-10-18 14:38:16.131132
234w4qgc9u,True,2024-10-18 14:38:39.344502
gk9tak3zsn,False,2024-10-18 14:39:20.135338
bt4ey38d0l,False,2024-10-18 14:39:49.503316
5wa6v7aut6,True,2024-10-18 14:40:17.325577
4y6v5hzssz,True,2024-10-18 14:40:30.685312
zjh28awk72,True,2024-10-18 14:40:47.586547
rxz1boocwt,True,2024-10-18 14:41:01.576051
9241m50ycc,True,2024-10-18 14:41:33.549989
c3bm506yqg,True,2024-10-18 14:41:52.145323
9teo2bavbe,True,2024-10-18 14:42:09.810123
l92tgyfj1u,False,2024-10-18 14:42:39.826819
xzehsvx83j,True,2024-10-22 14:17:05.313814
4kfgbbzhwm,True,2024-10-22 14:29:37.047607
n0yv4y504f,True,2024-10-22 14:30:24.942505
wo7m465f2g,True,2024-10-22 14:30:49.517349
raps5uf660,True,2024-10-22 14:31:48.474685
0geounuydw,True,2024-10-22 14:32:18.572422
qodv3tr7d0,True,2024-10-22 14:33:11.600690
t5p65rd003,True,2024-10-22 14:38:28.148947
zsropduvfu,True,2024-10-22 14:40:32.766369
ocaokc2fj2,True,2024-10-22 14:41:01.202518
5n191lu7q3,True,2024-10-22 14:41:26.450064
xdpxzx20m4,False,2024-10-22 14:42:43.138320
u8vfzmz8tw,False,2024-10-22 14:42:59.563144
u7cyz7xjf7,True,2024-10-22 14:49:09.051911
02dyqse49s,True,2024-10-22 14:49:20.799239
80xj2gc02q,True,2024-10-22 14:49:52.313918
byhf3oab6d,False,2024-10-22 14:50:06.567088
1h37bjn0mf,True,2024-10-22 14:51:35.939242
g7qvkgs9jg,True,2024-10-22 14:52:12.865368
efqqrkakok,True,2024-10-22 14:52:20.300222
5tusqyorr6,False,2024-10-22 14:53:08.850313
r4tzetlbrm,False,2024-10-22 14:54:04.550423
97oda68jof,True,2024-10-22 14:54:43.738206
k4ql8h8zmq,False,2024-10-22 15:00:48.112452
hy1qmme0zo,False,2024-10-22 15:01:16.121406
vgrtcdhzjl,False,2024-10-22 15:01:41.175141
r0or6309t4,True,2024-10-22 15:02:13.401603
4hfd1ezaed,True,2024-10-22 15:02:33.743356
z5d9xrzxka,True,2024-10-22 15:04:10.311920
7482n8upjl,True,2024-10-22 15:04:23.512823
7l5rcnf2ys,True,2024-10-22 15:04:39.357271
dww4ln0umn,True,2024-10-22 15:04:54.215377
jmofwyovmx,False,2024-10-22 15:05:14.637578
crs4s377m6,False,2024-10-22 15:05:32.341892
bwobvcombg,True,2024-10-22 15:07:31.845450
ycdb957yuv,True,2024-10-22 15:07:48.865317
feszotvw5o,True,2024-10-22 15:08:07.701183
6sboe7zplt,False,2024-10-22 15:08:24.353334
7pqhv7ngc2,False,2024-10-22 15:09:24.718356
e9fcdy0330,False,2024-10-22 15:24:17.594406
t4h520t8l6,True,2024-10-22 15:25:14.939687
2nl10d6wdz,True,2024-10-22 15:25:24.306582
5ejbrb0rcw,False,2024-10-22 15:28:28.947877
fv550587mg,True,2024-10-22 15:30:26.598306
9gyq37p5cy,True,2024-10-22 15:30:53.806737
qpk207cdnn,True,2024-10-22 15:31:10.998340
z6e2uhgdpk,False,2024-10-22 15:31:21.965608
bl6prsnbw8,True,2024-10-22 15:34:29.702882
64agbret7f,True,2024-10-22 15:34:49.867050
e173nyjx23,True,2024-10-22 15:35:06.117659
wg9uvhbh89,True,2024-10-22 15:35:29.633564
0n8fa63rmh,True,2024-10-22 15:35:42.571104
jem8fbq7sb,True,2024-10-22 15:35:52.680469
vy7036e9ns,True,2024-10-22 15:36:08.750498
7sko04mhqj,True,2024-10-22 15:36:17.568970
u1dapvprk0,True,2024-10-22 15:36:38.596060
1vx03vd6zm,True,2024-10-22 15:36:48.488425
uw4fa73ccy,True,2024-10-22 15:37:11.423009
g0tecw873e,True,2024-10-22 15:37:31.206035
a88pynsg65,False,2024-10-22 15:37:58.977364
6chzer37j0,False,2024-10-22 15:38:26.110440
7g168q8p58,False,2024-10-22 15:38:50.947186
a3ckuloczh,False,2024-10-22 15:39:13.923210
rjc175u3n6,False,2024-10-22 15:39:30.636201
g9tmpsy984,True,2024-10-22 15:40:24.147938
fxkxf4d8ho,True,2024-10-22 15:40:57.064149
cm4w0mvbke,True,2024-10-22 15:41:08.115365
dmuus7p322,True,2024-10-22 15:41:19.565325
jwfx6myggg,True,2024-10-22 15:41:41.864407
yg44s4amg6,True,2024-10-22 15:41:51.321779
dmjkd6gto8,True,2024-10-22 15:42:14.284935
lr8k2rzve9,True,2024-10-22 15:42:25.601976
6uhh890q6n,True,2024-10-22 15:42:40.260590
b5fuj4ugeh,True,2024-10-22 15:42:53.501963
lzecjs7zxh,True,2024-10-22 15:43:01.581317
1rakjhrb5a,True,2024-10-22 15:43:17.337020
yvh5uvpsu2,True,2024-10-22 15:43:29.207815
m3ytvozcb2,False,2024-10-22 15:43:52.525680
f853jv7s55,False,2024-10-22 15:44:12.946972
z54uw8nlze,False,2024-10-22 15:45:38.469274
q70krt4ffm,False,2024-10-22 15:49:00.087588
pady1hnqjl,True,2024-10-22 15:49:58.394056
2h59j737h9,True,2024-10-22 15:51:46.523102
x7q4c5ovw7,True,2024-10-22 15:52:01.518711
kcp9brz272,True,2024-10-22 15:52:24.591026
odt3gr571s,True,2024-10-22 15:52:53.392425
eowwnpavxk,True,2024-10-22 15:53:02.289449
9zdweex06d,True,2024-10-22 15:53:31.633318
rh5g6qnsb8,True,2024-10-22 15:53:45.681099
fcweqmp9qv,True,2024-10-22 15:54:26.088936
2lukzt4n1t,True,2024-10-22 15:54:44.716682
vhtx1xjcy5,False,2024-10-22 15:55:10.448041
nhvp0jvk1a,False,2024-10-22 15:55:30.249036
80jj8xj82f,False,2024-10-22 15:55:58.452123
z270xu2rk8,False,2024-10-22 15:56:32.814429
mq8ul2arxq,False,2024-10-22 15:56:45.162846
xrl1a5f5ca,False,2024-10-22 15:57:05.311595
5rn7uocjso,True,2024-10-22 15:59:43.237845
00ybmvglme,True,2024-10-22 15:59:56.787675
sjqroc8j7z,True,2024-10-22 16:00:07.471636
lrfkbq6fsk,True,2024-10-22 16:00:19.198202
kqucczju47,True,2024-10-22 16:00:30.840183
3kd9wh2r8s,True,2024-10-22 16:00:39.219692
0g3pl474up,True,2024-10-22 16:00:50.557537
803loh8vw5,True,2024-10-22 16:01:05.822893
l8unya9eld,True,2024-10-22 16:01:17.361122
r6derf48y8,True,2024-10-22 16:01:30.551543
thnm0abyrc,True,2024-10-22 16:01:48.195370
4zgrc8gxn4,False,2024-10-22 16:02:08.961639
3qalh02uv1,False,2024-10-22 16:02:28.804817
2sspjmwue5,False,2024-10-22 16:02:47.084518
3rw941fvcz,False,2024-10-22 16:03:08.545530
a4t3t6usy7,False,2024-10-22 16:03:30.768680
nceudrkvzn,True,2024-10-22 16:04:10.996179
g1d1w5f2z6,True,2024-10-22 16:04:23.721130
xe3nxwt51w,True,2024-10-22 16:04:34.126355
kxd74e8f4r,True,2024-10-22 16:04:51.804091
ln7j8f6kap,True,2024-10-22 16:05:04.395095
zglm2exf3d,True,2024-10-22 16:07:08.643174
t2ngg5eonu,True,2024-10-22 16:07:20.952708
z5q72w0m8w,True,2024-10-22 16:07:31.049403
punxscaogp,False,2024-10-22 16:08:16.624500
uzwj8ohfsx,False,2024-10-22 16:09:00.723199
zy9px24t0c,False,2024-10-22 16:09:25.871292
2kq23886kp,False,2024-10-22 16:09:35.338399
6r559vj4yn,False,2024-10-22 16:11:56.551922
vp3tkt2jb3,False,2024-10-22 16:12:16.924015
hyoso9ag9k,True,2024-10-22 16:40:52.506365
4vvm6swd0g,True,2024-10-22 16:41:00.909719
eop5cu4cyb,True,2024-10-22 16:41:14.111462
bok33kmwar,True,2024-10-22 16:41:35.359090
lgbo4d60my,True,2024-10-22 16:41:42.198102
t3sh5nvfkp,True,2024-10-22 16:41:54.069037
3foj0vn7fl,True,2024-10-22 16:42:25.459906
42n3hd0vvq,True,2024-10-22 16:42:44.078862
gkps5m6p3s,True,2024-10-22 16:42:57.039811
vuvvg0y4le,True,2024-10-22 16:43:11.287982
jdh2uo06ru,True,2024-10-22 16:43:37.794203
eoykuxnro9,False,2024-10-22 16:46:12.327479
r4ceemnnw5,False,2024-10-22 16:46:36.636404
2xhydpnnc2,False,2024-10-22 16:46:58.007972
sb4glt3pf3,True,2024-10-22 16:47:51.505259
y51f4lljoj,True,2024-10-22 16:48:03.057674
f4od3juxhv,True,2024-10-22 16:48:14.289106
3b3hms5a17,True,2024-10-22 16:48:26.826167
qcahf8szec,True,2024-10-22 16:48:38.258793
yypclh993f,True,2024-10-22 16:48:52.945516
2tkek852xx,True,2024-10-22 16:49:07.573399
uqh1ugbkn9,True,2024-10-22 16:49:24.911344
4nwu7o58qv,True,2024-10-22 16:49:37.737374
tob23l9of5,True,2024-10-22 16:49:49.985852
azcd8u8cup,False,2024-10-22 16:50:19.237772
92rx9ohskp,False,2024-10-22 16:51:04.480254
xyww5uoffv,False,2024-10-22 16:51:32.400629
tur27cw90j,False,2024-10-22 16:52:16.432051
eklsg9shv7,False,2024-10-22 16:52:38.635339
hyp4zftkxj,False,2024-10-22 16:52:54.439389
7mtkt6bqpt,True,2024-10-22 16:53:13.344823
e1y6jchddt,True,2024-10-22 16:53:29.854946
wsz7xhyy41,True,2024-10-22 16:53:43.289761
x50ha7op1p,True,2024-10-22 16:53:59.436577
w5veq3kpr2,True,2024-10-22 16:54:16.427348
nab3444xaa,True,2024-10-22 16:54:31.766011
d16c4xn859,True,2024-10-22 16:55:10.857866
luok1dpq9k,True,2024-10-22 16:55:42.938444
bej1ev39g2,True,2024-10-22 16:55:55.151312
mqzct0lwxa,True,2024-10-22 16:56:08.445869
qp53fvufay,True,2024-10-22 16:57:05.647009
he8uu3pche,True,2024-10-22 16:58:07.899566
5k707au65y,True,2024-10-22 16:58:25.187961
okqtgb1mxc,True,2024-10-22 16:58:37.519158
k1de3vtumy,True,2024-10-22 16:58:49.019224
m7faj08hr9,True,2024-10-22 16:58:58.769209
3h6449c47g,True,2024-10-22 16:59:12.714153
0x3ju0624g,False,2024-10-22 16:59:47.493035
lmanhbolt5,False,2024-10-22 17:00:10.229038
blrn1tvret,True,2024-10-23 10:56:10.970635
2zm8dae6p3,True,2024-10-23 10:56:29.819696
3kn0qk9emv,True,2024-10-23 10:57:10.210568
3xfglye9hr,True,2024-10-23 10:57:25.447430
g5gz3263jq,True,2024-10-23 10:57:41.051454
rj68qlw0cr,True,2024-10-23 10:58:01.229013
o8gt7ct5o9,True,2024-10-23 10:58:17.572293
whbj0hd75z,True,2024-10-23 10:58:34.047316
02lx5fk5lt,True,2024-10-23 10:58:48.060955
l8t56ztcjv,True,2024-10-23 10:59:08.878651
po3f52cbje,True,2024-10-23 10:59:24.640247
r1kgm98uaq,True,2024-10-23 10:59:40.240030
8qm0j3thtj,True,2024-10-23 10:59:53.753702
rnhc67zja3,True,2024-10-23 11:00:23.074615
flegswrzgx,True,2024-10-23 11:00:36.864975
n4ybom7tkp,False,2024-10-23 11:01:31.176146
rfbuayn0ga,False,2024-10-23 11:04:19.703920
x1tpf880ur,False,2024-10-23 11:30:35.482089
txoypjt3a9,False,2024-10-23 11:30:56.285839
y2yl4s3wqd,False,2024-10-23 11:31:31.329104
e4q8ozb2hr,False,2024-10-23 11:32:18.248236
wgjz6w0cws,False,2024-10-23 11:33:31.214208
azgeuro7b4,False,2024-10-23 11:49:02.419613
6qy5exhj99,False,2024-10-23 11:49:40.313564
oxn6mwbzac,False,2024-10-23 11:50:44.669809
w2p0ub93z7,False,2024-10-23 11:51:19.879946
ql1u64lh7b,False,2024-10-23 11:52:09.890261
kjej1h592m,True,2024-10-23 11:53:42.702004
hgo57wx2vr,True,2024-10-23 11:53:58.142363
h45t5eyzk5,True,2024-10-23 11:54:12.079226
cg2pdlxn0n,True,2024-10-23 11:55:00.098152
abygwqr1xe,True,2024-10-23 11:55:21.435826
923lgzg92s,False,2024-10-23 11:56:25.562468
lrlnysrna1,False,2024-10-23 11:56:44.292068
8gf2gowuss,True,2024-10-23 11:57:10.766562
dnp58euczx,True,2024-10-23 11:57:33.938218
4wee3fsdgr,True,2024-10-23 11:57:47.072969
ct93tfmqt0,True,2024-10-23 11:58:03.572948
uw3u5gd58s,True,2024-10-23 11:58:24.199396
9w03vx80oj,True,2024-10-23 11:58:38.404704
vx4ltnysk0,True,2024-10-23 11:58:57.624359
go7tup45hc,True,2024-10-23 11:59:22.482738
9w6n7pyrpf,True,2024-10-23 11:59:35.899541
vqbw67uryo,True,2024-10-23 12:00:40.155662
28yl2mg5ax,True,2024-10-23 12:00:54.477621
486z8n358y,True,2024-10-23 12:01:17.277489
edzdl0pham,True,2024-10-23 12:01:34.539020
g6roof0d73,True,2024-10-23 12:02:07.075246
tjytdnudvk,False,2024-10-23 12:02:56.913271
tkpmkblefo,False,2024-10-23 12:03:37.221144
fy40kgvnwp,False,2024-10-23 12:03:46.115357
j7pmq0aqk8,True,2024-10-23 12:07:11.832488
h59apdh6h3,True,2024-10-23 12:07:24.989972
kd63p71hdm,True,2024-10-23 12:07:46.085324
uq39togc1w,True,2024-10-23 12:08:15.295251
vwwuhjx7me,True,2024-10-23 12:16:30.912435
sx10562bm3,True,2024-10-23 12:16:49.411997
2jjcpmg4qa,True,2024-10-23 12:17:08.009351
baf7wjcr9m,True,2024-10-23 12:17:23.359882
z1xkjk1d7v,True,2024-10-23 12:17:38.753839
nc658klym2,True,2024-10-23 12:17:54.875145
7egdyyx9f9,True,2024-10-23 12:18:09.833008
esbwy91tod,True,2024-10-23 12:18:31.267655
7tfelvyvtq,True,2024-10-23 12:18:47.243343
u5mnnmlr4j,True,2024-10-23 12:19:04.069955
c9lgj1au6k,False,2024-10-23 12:19:50.545569
gzcthqpsk9,False,2024-10-23 12:21:29.372925
w8luz6qhhw,False,2024-10-23 12:21:56.469531
wqge294e41,False,2024-10-23 12:22:36.436868
0n2hglszqs,True,2024-10-23 12:25:10.480996
6d86sc7r3u,True,2024-10-23 12:25:29.114180
erv51xe4ns,True,2024-10-23 12:25:42.295416
xl3zqzypk9,True,2024-10-23 12:25:57.582959
vs478zjdwo,False,2024-10-23 12:26:28.995334
prbw3tnn66,True,2024-10-25 15:25:45.379953
7x47km3z98,True,2024-10-25 15:26:32.859822
n2gxr7fkhx,True,2024-10-25 15:26:56.614028
b2befph7ql,True,2024-10-25 15:28:17.518267
dgpkdl59sb,True,2024-10-25 15:28:55.530341
9w0y1el2nt,True,2024-10-25 15:29:33.682293
h47ypg8r7u,True,2024-10-25 15:29:51.523663
mqdorx5qzs,True,2024-10-25 15:30:13.519494
z34lfjwl4n,True,2024-10-25 15:30:20.213886
v93986ts70,True,2024-10-25 15:31:02.530431
qcmdvaz8y2,True,2024-10-25 15:31:22.519677
dqafgj015h,True,2024-10-25 15:31:42.683866
xtf7quaxz2,True,2024-10-31 14:03:36.903971
ntx88c43pw,True,2024-11-06 14:01:41.687288
f6w3h4a9sf,True,2024-11-06 14:02:06.486074
464kbygen5,True,2024-11-06 14:02:23.953261
ruw76lyn49,True,2024-11-06 14:02:42.708454
vqzpa3nr5a,True,2024-11-06 14:03:04.720692
uc0u68m518,True,2024-11-06 14:03:18.121430
5hssxw7rtk,True,2024-11-06 14:03:32.974400
mlcxwn1kwp,True,2024-11-06 14:03:46.040696
kzy4rc32s9,True,2024-11-06 14:04:04.039822
n3udes4okv,True,2024-11-06 14:04:17.362853
m9evqfow7r,True,2024-11-06 14:04:46.372995
1uspdqx9ql,True,2024-11-06 14:05:00.799052
yy07t2mg4h,True,2024-11-06 14:05:19.320409
aujaqz4rqr,True,2024-11-06 14:05:34.141622
ge63be0ggy,True,2024-11-06 14:05:48.270258
kqqryp5902,True,2024-11-06 14:06:08.300161
3gpzyk9etx,True,2024-11-06 14:06:25.613369
pch7vfptdm,True,2024-11-06 14:07:09.073685
ec9beceqm0,True,2024-11-06 14:07:28.306488
sjorwo7pg3,True,2024-11-06 14:07:41.590941
njrkbr0cn2,True,2024-11-06 14:07:59.149753
xulzrs0ge8,True,2024-11-06 14:08:14.537935
fg5zeym0ys,True,2024-11-06 14:09:24.613096
cc9x6sbyz1,False,2024-11-06 14:10:21.132657
k320cnq7w9,False,2024-11-06 14:10:44.550628
6zfem4v590,False,2024-11-06 14:11:05.950733
j3u36ws17d,False,2024-11-06 14:11:51.646182
5jm8sbbkys,False,2024-11-06 14:12:21.157982
a88l5djs1h,False,2024-11-06 14:12:47.976640
okupmunhak,False,2024-11-06 14:13:16.258580
7txo68nf96,False,2024-11-06 14:13:37.378044
20cv32d14d,False,2024-11-06 14:13:59.757675
e6sjjrjgea,False,2024-11-06 14:14:26.748101
rct00rnnr3,False,2024-11-06 14:14:51.301985
